Date,Subreddit,Post Title,Post Text,Accuracy,Tag
2024-09-21 04:00:27,NVDA_Stock,‚úÖ Daily Chat Thread and Discussion ‚úÖ,Please use this thread to disc,"[[{'label': 'Neutral', 'score': 0.9673531651496887}]]",[0]
2024-09-21 11:39:17,NVDA_Stock,Microsoft deal would reopen Three Mile Island nuclear plant to power AI,,"[[{'label': 'Neutral', 'score': 0.9673531651496887}]]",[0]
2024-09-20 20:58:51,NVDA_Stock,90mil Shares Sold UNDER the Bid in the Last Moments of the Last Second of the Day,Just look at the picture. That,"[[{'label': 'Neutral', 'score': 0.9673531651496887}]]",[0]
2024-09-20 19:34:14,NVDA_Stock,Intel shares pop on report Qualcomm has approached it about takeover,Looks like we are witnessing c,"[[{'label': 'Neutral', 'score': 0.9718648791313171}]]",[0]
2024-09-20 12:41:04,NVDA_Stock,It's Official: AI is the New Oil,,"[[{'label': 'Neutral', 'score': 0.9673531651496887}]]",[0]
2024-09-20 11:34:25,NVDA_Stock,NVDA Ramps it up!,https://finance.yahoo.com/news,"[[{'label': 'Neutral', 'score': 0.9186650514602661}]]",[0]
2024-09-20 15:52:50,NVDA_Stock,Nvidia shows what open RAN could really look like with ARC-1,,"[[{'label': 'Neutral', 'score': 0.9673531651496887}]]",[0]
2024-09-21 12:06:18,NVDA_Stock,Prediction: Nvidia Stock Is Going to Soar in the Remainder of 2024 | Nasdaq,,"[[{'label': 'Neutral', 'score': 0.9673531651496887}]]",[0]
2024-09-20 04:00:33,NVDA_Stock,‚úÖ Daily Chat Thread and Discussion ‚úÖ,Please use this thread to disc,"[[{'label': 'Neutral', 'score': 0.9952644109725952}]]",[0]
2024-09-19 15:08:10,NVDA_Stock,"Fed Rate Cut 'Very Bullish Backdrop' for AI and Big Tech, Wedbush Says","09:24 AM EDT, 09/19/2024 (MT N","[[{'label': 'Positive', 'score': 0.9966489672660828}]]",[1]
2024-09-18 20:50:27,NVDA_Stock,"Jensen Huang says technology has reached a positive feedback loop where AI is designing new AI, and is now advancing at the pace of ""Moore's Law squared"", meaning the next year or two will be surprising",,"[[{'label': 'Positive', 'score': 0.999998927116394}]]",[1]
2024-09-18 18:02:58,NVDA_Stock,"Fed lowers core rate by 0.5%, a full half point",,"[[{'label': 'Neutral', 'score': 0.9999819993972778}]]",[0]
2024-09-19 04:00:30,NVDA_Stock,‚úÖ Daily Chat Thread and Discussion ‚úÖ,Please use this thread to disc,"[[{'label': 'Positive', 'score': 0.9999567270278931}]]",[1]
2024-09-18 01:36:31,NVDA_Stock,Microsoft and Blackrock along with UAE MGX Form Group $100 Billion to Invest in AI Data Centers and Power,,"[[{'label': 'Negative', 'score': 0.6589877009391785}]]",[-1]
2024-09-18 07:37:09,NVDA_Stock,"How Nvidia-powered AI is Accelerating Drug Discovery for Alzheimer‚Äôs, Parkinson's, Cancer, etc",,"[[{'label': 'Neutral', 'score': 0.999771773815155}]]",[0]
2024-09-18 04:00:31,NVDA_Stock,‚úÖ Daily Chat Thread and Discussion ‚úÖ,Please use this thread to disc,"[[{'label': 'Neutral', 'score': 0.9999924898147583}]]",[0]
2024-09-16 14:51:21,NVDA_Stock,This sub right now,,"[[{'label': 'Negative', 'score': 0.9998124241828918}]]",[-1]
2024-09-17 06:00:52,NVDA_Stock,What kind of chips will it run on ..NVDIA ? ,https://interestingengineering,"[[{'label': 'Neutral', 'score': 0.6525517702102661}]]",[0]
2024-09-17 04:00:33,NVDA_Stock,‚úÖ Daily Chat Thread and Discussion ‚úÖ,Please use this thread to disc,"[[{'label': 'Positive', 'score': 0.9999704360961914}]]",[1]
2024-09-16 06:23:34,NVDA_Stock,The Double-Correction is Likely Over; Nvidia to Revisit its ATH,# This article was [originally,"[[{'label': 'Neutral', 'score': 0.9673531651496887}]]",[0]
2024-09-16 17:59:34,NVDA_Stock,Fabricated Knowledge - ChatGPT o1 (Strawberry) and Memory,"""what does that mean for semic","[[{'label': 'Neutral', 'score': 0.9658029675483704}]]",[0]
2024-09-15 16:15:34,NVDA_Stock,NVIDIA CEO Says He Can Switch From TSMC If Needed ‚Äì Outlines Non AI $1 Trillion Market,"So, as today's GPU is ""built l","[[{'label': 'Neutral', 'score': 0.9806382656097412}]]",[0]
2024-09-15 16:27:38,NVDA_Stock,"Larry Ellison says Oracle is building nuclear reactors to power ""acres"" of GPU clusters and it will cost companies $100 billion in the next 3 years to build a frontier AI model and stay in the race",,"[[{'label': 'Neutral', 'score': 0.9998959302902222}]]",[0]
2024-09-16 04:00:52,NVDA_Stock,‚úÖ Daily Chat Thread and Discussion ‚úÖ,Please use this thread to disc,"[[{'label': 'Neutral', 'score': 0.9161498546600342}]]",[0]
2024-09-15 07:17:36,NVDA_Stock,Tractors use NVidia GPUs. Mind blowing!,"11:00
Cameras use real time co","[[{'label': 'Neutral', 'score': 0.9673531651496887}]]",[0]
2024-09-14 16:35:59,NVDA_Stock,Elon Musk and Larry Ellison begged Nvidia CEO Jensen Huang for AI GPUs at dinner,https://www.tomshardware.com/t,"[[{'label': 'Positive', 'score': 0.9996358156204224}]]",[1]
2024-09-15 04:00:39,NVDA_Stock,‚úÖ Daily Chat Thread and Discussion ‚úÖ,Please use this thread to disc,"[[{'label': 'Neutral', 'score': 0.9613798260688782}]]",[0]
2024-09-14 07:36:57,NVDA_Stock,"Jensen ""Dumping"" Shares Vs. Me","Jensen Huang owns 861,259,236 ","[[{'label': 'Neutral', 'score': 0.9673531651496887}]]",[0]
2024-09-14 12:31:46,NVDA_Stock,Jim Fan explains the new inference paradigm,,"[[{'label': 'Neutral', 'score': 0.9997767806053162}]]",[0]
2024-09-13 17:44:38,NVDA_Stock,"U.S. approved sale of cutting-edge Nvidia AI chips to UAE‚Äôs G42, Semafor says",,"[[{'label': 'Neutral', 'score': 0.9673531651496887}]]",[0]
2024-09-13 15:09:34,NVDA_Stock,Magnificent 7 Revenue Growth,,"[[{'label': 'Positive', 'score': 0.9999979734420776}]]",[1]
2024-09-13 20:27:40,NVDA_Stock,U.S. Govt pushes Nvidia and Apple to use Intel's foundries ‚Äî Department of Commerce Secretary Raimondo makes appeal for US-based chip production,,"[[{'label': 'Neutral', 'score': 0.9945376515388489}]]",[0]
2024-09-13 17:45:22,NVDA_Stock,Saudi Arabia expects to get access to Nvidia's high performance chips 'within the next year',,"[[{'label': 'Neutral', 'score': 0.9673531651496887}]]",[0]
2024-09-14 04:00:36,NVDA_Stock,‚úÖ Daily Chat Thread and Discussion ‚úÖ,Please use this thread to disc,"[[{'label': 'Positive', 'score': 0.5472818613052368}]]",[1]
2024-09-13 05:03:11,NVDA_Stock,Tomorrow Could be a Big Ole Fat Green Candle Day for NVDA - Oracle Raises Guidance Through 2026 - OpenAI Drops a Monster Model That Can Think and Reason - The Show Goes On!,,"[[{'label': 'Neutral', 'score': 0.9991711378097534}]]",[0]
2024-09-13 08:59:38,NVDA_Stock,"An ant simulation in Python by OpenAI's latest model o1-preview. The ants swarm out of their nest and as soon as they find sugar they bring it to their nest. The sugar carrying ants leave a scent trail that leads other ants to the sugar. AI is real, and the engine behind this revolution is NVDA.",,"[[{'label': 'Neutral', 'score': 0.9673531651496887}]]",[0]
2024-09-13 09:11:47,NVDA_Stock,New AI models could really be a catalyst,I think we're about to see a m,"[[{'label': 'Positive', 'score': 0.5655890703201294}]]",[1]
2024-09-12 17:21:08,NVDA_Stock,Outside the White House: Nvidia CEO Jensen Huang: We are at the beginning of a new industrial revolution,https://preview.redd.it/qkrflz,"[[{'label': 'Neutral', 'score': 0.9999370574951172}]]",[0]
2024-09-12 18:34:07,NVDA_Stock,Are you ready? Worst 2 weeks of the year (historically) starts on Monday 9/16-Monday 9/30.,Are you ready? Worst 2 weeks o,"[[{'label': 'Positive', 'score': 0.9999990463256836}]]",[1]
2024-09-12 20:47:08,NVDA_Stock,"OpenAI announces ""o1""",,"[[{'label': 'Neutral', 'score': 0.9673531651496887}]]",[0]
2024-09-13 04:06:21,NVDA_Stock,o1 Hello - This is simply amazing - Here's my initial review - This is going to shock the the world! The implications of this for all things AI cannot be underestimated,,"[[{'label': 'Positive', 'score': 0.9940078258514404}]]",[1]
2024-09-13 04:00:33,NVDA_Stock,‚úÖ Daily Chat Thread and Discussion ‚úÖ,Please use this thread to disc,"[[{'label': 'Neutral', 'score': 0.9746907949447632}]]",[0]
2024-09-12 05:26:49,NVDA_Stock,"Jensen Huang speaking at Goldman Sachs Communacopia confirms Blackwell is ramping now and in full production ""The world is on our shoulders"" - THERE IS NO DELAY ",,"[[{'label': 'Positive', 'score': 0.8376114964485168}]]",[1]
2024-09-13 15:58:06,NVDA_Stock,Nvda stole Ai tech? ,"Anyone see this yet? 

Not sur","[[{'label': 'Neutral', 'score': 0.9673531651496887}]]",[0]
2024-09-11 16:19:32,NVDA_Stock,Oweeee! ,Good thing I dropped another $,"[[{'label': 'Positive', 'score': 0.6975829005241394}]]",[1]
2024-09-12 04:00:30,NVDA_Stock,‚úÖ Daily Chat Thread and Discussion ‚úÖ,Please use this thread to disc,"[[{'label': 'Neutral', 'score': 0.9999418258666992}]]",[0]
2024-09-11 14:09:00,NVDA_Stock,Prepare to Exit Your Shorts: NVDA shows strong buy signal going against nasdaq down marker,,"[[{'label': 'Negative', 'score': 0.7902772426605225}]]",[-1]
2024-09-11 20:18:31,NVDA_Stock,Now seriously - what happened today? Just Jensen speaking? Or other news?,"Also, who mostly bought today?","[[{'label': 'Negative', 'score': 0.960936427116394}]]",[-1]
2024-09-11 23:43:42,NVDA_Stock,Next GTC is going to be wild.,The massive increase in comput,"[[{'label': 'Neutral', 'score': 0.9673531651496887}]]",[0]
2024-09-11 17:28:00,NVDA_Stock,US Closer to Allowing NVIDIA Chips For Saudi Arabia - Semafor,https://www.semafor.com/articl,"[[{'label': 'Positive', 'score': 0.9858183264732361}]]",[1]
2023-05-12 01:05:39,NVDA_Stock_Talk,r/NVDA_Stock_Talk Lounge,A place for members of r/NVDA_,"[[{'label': 'Positive', 'score': 0.6759857535362244}]]",[1]
2024-09-19 08:26:22,NVDA_Stock_Talk,Triple Witching Day is coming on this Friday.,What do you guy think?,"[[{'label': 'Neutral', 'score': 0.9673531651496887}]]",[0]
2024-09-11 19:06:11,NVDA_Stock_Talk,Nvidia Stock Analysis: A Rally Amid Divergence & Strategic Moves for NASDAQ:NVDA by DEXWireNews,,"[[{'label': 'Neutral', 'score': 0.9673531651496887}]]",[0]
2024-09-11 23:26:01,NVDA_Stock_Talk,Nvidia(NVDA) Stock Skyrockets  Latest Updates! 2024 09 11,,"[[{'label': 'Neutral', 'score': 0.9673531651496887}]]",[0]
2024-09-11 19:30:27,NVDA_Stock_Talk,"NVIDIA‚Äôs Wild Ride: Is the Sell-Off Truly Over, or Just the Beginning?",,"[[{'label': 'Neutral', 'score': 0.9673531651496887}]]",[0]
2024-09-06 13:08:52,NVDA_Stock_Talk,Will $NVDA Rebound? What Is Nvidia's Target Price?,,"[[{'label': 'Neutral', 'score': 0.9673531651496887}]]",[0]
2024-08-30 20:46:20,NVDA_Stock_Talk,Read ‚Äòem & Weep,‚ÄúNvidia is undoubtedly one of ,"[[{'label': 'Neutral', 'score': 0.9673531651496887}]]",[0]
2024-08-30 14:36:05,NVDA_Stock_Talk,Live $NVDA Scalping | $NVDA Day Trading Live.,,"[[{'label': 'Neutral', 'score': 0.9673531651496887}]]",[0]
2024-08-28 21:33:52,NVDA_Stock_Talk,Nvidia Earnings Report Live Stream üî¥ Speaking ABOUT NEW FLOPS & MORE ,,"[[{'label': 'Neutral', 'score': 0.9673531651496887}]]",[0]
2024-08-25 20:04:15,NVDA_Stock_Talk,Puts for Linus ,,"[[{'label': 'Neutral', 'score': 0.9673531651496887}]]",[0]
2024-08-25 19:50:02,NVDA_Stock_Talk,Do You Guys Think This Could Cause A Run In AMD ...he thinks it will ,,"[[{'label': 'Neutral', 'score': 0.9673531651496887}]]",[0]
2024-08-13 13:30:37,NVDA_Stock_Talk,Going to be an interesting day for NVDA,,"[[{'label': 'Neutral', 'score': 0.9673531651496887}]]",[0]
2024-08-10 21:55:20,NVDA_Stock_Talk,This is Going to Catch $NVDA Shareholders Off Guard Next Week: Unveiling a Game-Changing Twist!,,"[[{'label': 'Neutral', 'score': 0.9673531651496887}]]",[0]
2024-08-10 05:20:44,NVDA_Stock_Talk,This is Going to Catch $NVDA Share Holders off Guard Next Week üî¥ Crash P...,,"[[{'label': 'Neutral', 'score': 0.9673531651496887}]]",[0]
2024-08-09 18:19:15,NVDA_Stock_Talk,Stock Price Nvidia Could Fall to Before Earnings | NVDA Stock: Big Growt...,,"[[{'label': 'Neutral', 'score': 0.9673531651496887}]]",[0]
2024-08-06 23:33:09,NVDA_Stock_Talk,AMD and NVDA, invested in amd and nvda curr,"[[{'label': 'Neutral', 'score': 0.9673531651496887}]]",[0]
2024-08-01 19:49:28,NVDA_Stock_Talk,$NVDA: Are You Brave Enough To Buy This Dip?,,"[[{'label': 'Neutral', 'score': 0.9673531651496887}]]",[0]
2024-07-23 18:05:33,NVDA_Stock_Talk,Cathie woods is now promoting nvda,Great news. When she does this,"[[{'label': 'Neutral', 'score': 0.9673531651496887}]]",[0]
2024-07-15 13:27:06,NVDA_Stock_Talk,"NVDA Weak backlog in latest Filing - Potential Revenue Miss Coming
",There is no doubt that long te,"[[{'label': 'Neutral', 'score': 0.9673531651496887}]]",[0]
2024-07-09 18:28:52,NVDA_Stock_Talk,Nvdia,Should I sell my super micro c,"[[{'label': 'Neutral', 'score': 0.9673531651496887}]]",[0]
2024-07-02 14:52:27,NVDA_Stock_Talk,NVDA Stock Forecast by Wall Street Analysts WILL Nvidia corporation make new highs AGAIN?,,"[[{'label': 'Neutral', 'score': 0.9673531651496887}]]",[0]
2024-06-29 21:33:55,NVDA_Stock_Talk,Nvda stock,I believe i bought nvda stock ,"[[{'label': 'Neutral', 'score': 0.9990931749343872}]]",[0]
2024-06-25 00:15:39,NVDA_Stock_Talk,"NIVIDIA Is Crashing and Should You Buy Now? I Will Show You How I Caught The Top and What to Do Next
",,"[[{'label': 'Neutral', 'score': 0.9673531651496887}]]",[0]
2024-06-23 23:28:47,NVDA_Stock_Talk,"How I Found The Top On $NVDA With Proof! You Could Make Massive Money Too With This System!
",,"[[{'label': 'Neutral', 'score': 0.9673531651496887}]]",[0]
2024-06-22 03:21:22,NVDA_Stock_Talk,Anyone lost money in recent NVDA plunge ?,,"[[{'label': 'Neutral', 'score': 0.9673531651496887}]]",[0]
2024-06-21 20:54:56,NVDA_Stock_Talk,$NVDA: Reversal From Steep Highs Delights Short Sellers.,,"[[{'label': 'Neutral', 'score': 0.9673531651496887}]]",[0]
2024-06-20 21:52:00,NVDA_Stock_Talk,What you need to know about Nvidia and the AI chip arms race,,"[[{'label': 'Neutral', 'score': 0.9673531651496887}]]",[0]
2024-06-20 22:19:46,NVDA_Stock_Talk,Lost 3.4% ,I nvested today 100k and Lost ,"[[{'label': 'Neutral', 'score': 0.9673531651496887}]]",[0]
2024-06-19 22:49:37,NVDA_Stock_Talk,"NVIDIA Is Due For a Big Correction Soon! Must Watch To Make Massive Money On The Downside!
",,"[[{'label': 'Neutral', 'score': 0.9673531651496887}]]",[0]
2024-06-14 14:20:32,NVDA_Stock_Talk,"NVDA Stock Price forecast 2024-2027 by analysts +377,000% since IPO. The best STOCK ever?",,"[[{'label': 'Neutral', 'score': 0.9673531651496887}]]",[0]
2024-06-11 06:01:30,NVDA_Stock_Talk,NVDA is a hot BUY!!! Let's make some $$$$!!!,NVDA is a hot BUY!!! The stock,"[[{'label': 'Neutral', 'score': 0.9673531651496887}]]",[0]
2024-06-07 03:15:37,NVDA_Stock_Talk,#nvda,If I buy nvda tomorrow (06/07/,"[[{'label': 'Neutral', 'score': 0.9673531651496887}]]",[0]
2024-06-06 20:48:42,NVDA_Stock_Talk,Will $NVDA's Split Give It More Propulsion? Nvidia Stock Split Prediction.,,"[[{'label': 'Neutral', 'score': 0.9673531651496887}]]",[0]
2024-05-28 16:02:34,NVDA_Stock_Talk,My gainz meter is tingling and by gainz meter I mean this:,,"[[{'label': 'Neutral', 'score': 0.9673531651496887}]]",[0]
2024-05-24 09:10:51,NVDA_Stock_Talk,Will folks forget about the split in 3-6 months?,This is a serious question! I ,"[[{'label': 'Neutral', 'score': 0.9995799660682678}]]",[0]
2024-05-22 21:03:52,NVDA_Stock_Talk,$NVDA: Strong Earnings Reported | Even Higher Prices Are Projected | Spl...,,"[[{'label': 'Neutral', 'score': 0.9673531651496887}]]",[0]
2024-05-22 12:58:29,NVDA_Stock_Talk,$NVDA: Strong Earnings Expected | Even Higher Prices Are Projected.,,"[[{'label': 'Neutral', 'score': 0.9673531651496887}]]",[0]
2024-05-20 15:05:17,NVDA_Stock_Talk,NVDA EARNINGS,What is the best option to buy,"[[{'label': 'Neutral', 'score': 0.9673531651496887}]]",[0]
2024-05-09 01:37:06,NVDA_Stock_Talk,Nvda stock split announcement during ER,From highly reliable sources ,"[[{'label': 'Neutral', 'score': 0.9673531651496887}]]",[0]
2024-04-20 08:28:35,NVDA_Stock_Talk,Dip Buyers Circle $NVDA As It Goes Down,,"[[{'label': 'Neutral', 'score': 0.9673531651496887}]]",[0]
2024-04-09 02:30:47,NVDA_Stock_Talk,Nvda,Buy before they announce the s,"[[{'label': 'Neutral', 'score': 0.9673531651496887}]]",[0]
2024-03-15 04:21:42,NVDA_Stock_Talk,Due Diligence,Company 360:  https://apps.app,"[[{'label': 'Neutral', 'score': 0.9673531651496887}]]",[0]
2024-03-11 19:56:35,NVDA_Stock_Talk,Who‚Äôs buying tonight? ,With NVDA down and expectation,"[[{'label': 'Neutral', 'score': 0.9673531651496887}]]",[0]
2024-03-08 21:12:42,NVDA_Stock_Talk,I have a call option for nvda set for April 5 for $915 you guys think it goes back up ??? ,,"[[{'label': 'Neutral', 'score': 0.9673531651496887}]]",[0]
2024-03-08 23:56:09,NVDA_Stock_Talk,How I Caught the Top on Stock $NVDA üí∏ Do This Reversal Strategy to Make Money!,,"[[{'label': 'Neutral', 'score': 0.9673531651496887}]]",[0]
2024-03-08 21:13:54,NVDA_Stock_Talk,Nvda,I have a call option for nvda ,"[[{'label': 'Neutral', 'score': 0.9673531651496887}]]",[0]
2024-03-03 02:13:17,NVDA_Stock_Talk,Caution ‚ö†Ô∏è Stock $NVDA (NVIDIA) Top Is Soon ‚ö†Ô∏è Must Watch Video On My Analysis!,,"[[{'label': 'Neutral', 'score': 0.9673531651496887}]]",[0]
2024-02-25 01:27:36,NVDA_Stock_Talk,NVDA Parabolic EPS = Parabolic Price,What do you think?,"[[{'label': 'Neutral', 'score': 0.9673531651496887}]]",[0]
2024-02-19 22:09:41,NVDA_Stock_Talk,Stock $NVDA (NVIDIA) Will Have a Big Correction ‚ö†Ô∏è Must Watch This Video On Why I am Confident!,,"[[{'label': 'Neutral', 'score': 0.9673531651496887}]]",[0]
2024-02-07 23:25:24,NVDA_Stock_Talk,My NVDA Gainz meter is Tingling and by gainz meter I mean my dick.,,"[[{'label': 'Neutral', 'score': 0.9673531651496887}]]",[0]
2024-09-20 19:57:14,wallstreetbets,"Weekend Discussion Thread for the Weekend of September 20, 2024",[View Post](https://sh.reddit.,"[[{'label': 'Neutral', 'score': 0.9999868869781494}]]",[0]
2024-09-20 16:29:18,wallstreetbets,"Most Anticipated Earnings Releases for the week beginning September 23, 2024",,"[[{'label': 'Neutral', 'score': 0.9673531651496887}]]",[0]
2024-09-21 01:43:20,wallstreetbets,"Goldman Sachs‚Äô break up with Apple could cost upto to $4 billion, says analyst. ",,"[[{'label': 'Neutral', 'score': 0.9673531651496887}]]",[0]
2024-09-21 03:05:46,wallstreetbets,Nike stock runs to best day of 2024 as Wall Street reacts to CEO change following bloodbath,,"[[{'label': 'Neutral', 'score': 0.9673531651496887}]]",[0]
2024-09-20 22:41:14,wallstreetbets,Intel Public Service Announcement,Intel $200-> 20K 0dte trade: I,"[[{'label': 'Neutral', 'score': 0.9673531651496887}]]",[0]
2024-09-20 16:59:52,wallstreetbets,Huge Line Queues are Back at Apple Stores - All it took was a button and AI,,"[[{'label': 'Negative', 'score': 0.9935071468353271}]]",[-1]
2024-09-20 19:48:35,wallstreetbets,I had 25x $20 INTC calls that Fidelity liquidated for $.46 just before the spike.,,"[[{'label': 'Neutral', 'score': 0.9673531651496887}]]",[0]
2024-09-20 19:20:19,wallstreetbets,Qualcomm Approached Intel About a Takeover In Recent Days,,"[[{'label': 'Neutral', 'score': 0.998200535774231}]]",[0]
2024-09-20 19:46:06,wallstreetbets,Grandma Strikes Back? Intel Shares pop on report Qualcomm has approached it about takeover,,"[[{'label': 'Neutral', 'score': 0.9673531651496887}]]",[0]
2024-09-21 10:54:45,wallstreetbets,Worst Case scenario for Intel,So with all the negative devel,"[[{'label': 'Negative', 'score': 0.9630730748176575}]]",[-1]
2024-09-20 16:44:21,wallstreetbets,Thank the fed rate cut,I need to find a charger ,"[[{'label': 'Neutral', 'score': 0.9673531651496887}]]",[0]
2024-09-20 09:59:00,wallstreetbets,The Worst 10 Day Period of The Year Starts Now.,,"[[{'label': 'Neutral', 'score': 0.9673531651496887}]]",[0]
2024-09-21 00:18:59,wallstreetbets,Jimmy gave me all the confidence I needed for my puts,,"[[{'label': 'Neutral', 'score': 0.9673531651496887}]]",[0]
2024-09-21 03:26:19,wallstreetbets,SMCI Received Non-Compliance Letter from Nasdaq,SMCI has received a non-compli,"[[{'label': 'Neutral', 'score': 0.9673531651496887}]]",[0]
2024-09-20 15:34:02,wallstreetbets,All in on RKLB,,"[[{'label': 'Neutral', 'score': 0.9673531651496887}]]",[0]
2024-09-20 18:30:23,wallstreetbets,"We Ain‚Äôt Done, Take it All",I truly deserve to be behind a,"[[{'label': 'Neutral', 'score': 0.9673531651496887}]]",[0]
2024-09-20 13:56:04,wallstreetbets,Just do it ü´µü§°ü´µ,[Do it. Just do it. Don't let ,"[[{'label': 'Neutral', 'score': 0.9673531651496887}]]",[0]
2024-09-20 22:53:01,wallstreetbets,SEC Approves Options Trading on BlackRock‚Äôs Spot Bitcoin ETF,The U.S. Securities and Exchan,"[[{'label': 'Neutral', 'score': 0.9673531651496887}]]",[0]
2024-09-20 12:01:20,wallstreetbets,RKLB Wins US Air Force Contract,,"[[{'label': 'Neutral', 'score': 0.9673531651496887}]]",[0]
2024-09-20 19:42:43,wallstreetbets,Purchased intel 20 min news broke lol,So yea‚Ä¶ where we going with th,"[[{'label': 'Neutral', 'score': 0.9673531651496887}]]",[0]
2024-09-19 22:34:29,wallstreetbets,How bad is this going to be?,I bought a few puts expecting ,"[[{'label': 'Neutral', 'score': 0.9673531651496887}]]",[0]
2024-09-20 05:36:11,wallstreetbets,Jpow Al Gaib,,"[[{'label': 'Neutral', 'score': 0.9673531651496887}]]",[0]
2024-09-21 14:19:45,wallstreetbets,üîÆ says ASTS & SOXL $40 EoW ,"Ignore my this week's P&L, opt","[[{'label': 'Neutral', 'score': 0.9673531651496887}]]",[0]
2024-09-20 18:47:37,wallstreetbets,Check in with me in a month,Round-tripped over $40k of gai,"[[{'label': 'Neutral', 'score': 0.9673531651496887}]]",[0]
2024-09-20 09:10:54,wallstreetbets,I think I‚Äôm getting the hang of this.. ,But I am getting back on a pla,"[[{'label': 'Neutral', 'score': 0.9673531651496887}]]",[0]
2024-09-21 02:32:41,wallstreetbets,"$75,000 Drone Yolo",Let‚Äôs ride.,"[[{'label': 'Neutral', 'score': 0.9673531651496887}]]",[0]
2024-09-19 22:49:21,wallstreetbets,Nike Needs to Moon or I'm Filing For Bankruptcy,https://preview.redd.it/kyt1sl,"[[{'label': 'Neutral', 'score': 0.9673531651496887}]]",[0]
2024-09-20 13:39:36,wallstreetbets,Could have waited for 10-10.5K but didn‚Äôt want to risk volatility (FDX 10 bagger) ,,"[[{'label': 'Neutral', 'score': 0.9673531651496887}]]",[0]
2024-09-20 16:08:27,wallstreetbets,Made 400% on LUNR,Got lucky with CFDs. Risky but,"[[{'label': 'Neutral', 'score': 0.9673531651496887}]]",[0]
2024-09-20 13:54:57,wallstreetbets,Finally profitable,Missed the bottom by a week.  ,"[[{'label': 'Neutral', 'score': 0.9673531651496887}]]",[0]
2024-09-21 15:03:02,wallstreetbets,Bad trade. ,,"[[{'label': 'Neutral', 'score': 0.9673531651496887}]]",[0]
2024-09-21 15:00:57,wallstreetbets,Get ready for IBIT options now - This will be the biggest Flywheel Gamma play we have ever seem,This is simple. IBIT options h,"[[{'label': 'Neutral', 'score': 0.9673531651496887}]]",[0]
2024-09-21 14:59:13,wallstreetbets,Zyn Domination,With PM earnings coming up in ,"[[{'label': 'Neutral', 'score': 0.9673531651496887}]]",[0]
2024-09-20 21:23:01,wallstreetbets,PayPal Back From The Dead?,Paypal was at one point down 8,"[[{'label': 'Neutral', 'score': 0.9673531651496887}]]",[0]
2024-09-20 20:21:26,wallstreetbets,FDX puts saved my portfolio,Still in shook that I snapped ,"[[{'label': 'Neutral', 'score': 0.9673531651496887}]]",[0]
2024-09-20 01:11:53,wallstreetbets,After losing $50k‚Ä¶ NVDA increased its share by 600% saving me,,"[[{'label': 'Neutral', 'score': 0.9997429251670837}]]",[0]
2024-09-20 09:57:13,wallstreetbets,"Daily Discussion Thread for September 20, 2024",[View Post](https://sh.reddit.,"[[{'label': 'Neutral', 'score': 0.9997320771217346}]]",[0]
2024-09-20 01:47:15,wallstreetbets,China leaves rates unchanged. ü§î Hmm‚Ä¶,,"[[{'label': 'Neutral', 'score': 0.962588369846344}]]",[0]
2024-09-19 19:58:34,wallstreetbets,It's been a wild week,,"[[{'label': 'Neutral', 'score': 0.9999744892120361}]]",[0]
2024-09-20 18:09:27,wallstreetbets,I‚Äôm shorting üåΩ because it is useless,I‚Äôve been involved in crypto f,"[[{'label': 'Neutral', 'score': 0.9673531651496887}]]",[0]
2024-09-20 15:25:26,wallstreetbets,FDX - 900% gain ,,"[[{'label': 'Neutral', 'score': 0.9673531651496887}]]",[0]
2024-09-20 22:04:44,wallstreetbets,Doing it for Nana $INTC,Went -$1k to +6k,"[[{'label': 'Neutral', 'score': 0.9673531651496887}]]",[0]
2024-09-20 15:39:31,wallstreetbets,Are rate cuts setting up the perfect comeback for Biotech/Pharma?,"Hi all,

biotech stocks have b","[[{'label': 'Neutral', 'score': 0.9673531651496887}]]",[0]
2024-09-21 03:21:34,wallstreetbets,FedEx Corporation's (FDX) recent financial report fluctuations are really huge. Is it the time to buy again?,Has anyone bought FedEx Corpor,"[[{'label': 'Neutral', 'score': 0.9673531651496887}]]",[0]
2024-09-20 15:46:54,wallstreetbets,Gained 20k today with USD/JPY,Beenwatching USD/JPY for,"[[{'label': 'Neutral', 'score': 0.9673531651496887}]]",[0]
2024-09-20 20:08:19,wallstreetbets,QQQ put options,"Entered some QQQ puts because,","[[{'label': 'Neutral', 'score': 0.9673531651496887}]]",[0]
2024-09-20 20:32:59,wallstreetbets,What's next after CNK's 100% ytd gain.....Cineplex!,For those of you who believed ,"[[{'label': 'Neutral', 'score': 0.9673531651496887}]]",[0]
2024-09-20 01:56:23,wallstreetbets,50bps is regarded‚Ä¶ ,,"[[{'label': 'Neutral', 'score': 0.9673531651496887}]]",[0]
2024-09-21 14:18:04,wallstreetbets,"VOLUME AND PRICE DOESN'T ADD UP - IS THIS WASH TRADING MANIPULATION BY BIG WHALES
",I am seeing something very unu,"[[{'label': 'Neutral', 'score': 0.9673531651496887}]]",[0]
2024-09-19 10:53:23,wallstreetbets,The Fed forecasts lowering rates by another half point before the year is out,,"[[{'label': 'Neutral', 'score': 0.9673531651496887}]]",[0]
2024-09-01 09:00:21,stocks,Rate My Portfolio - r/Stocks Quarterly Thread September 2024,Please use this thread to disc,"[[{'label': 'Positive', 'score': 0.9913870692253113}]]",[1]
2024-09-21 09:30:18,stocks,"/r/Stocks Weekend Discussion Saturday - Sep 21, 2024",This is the weekend edition of,"[[{'label': 'Neutral', 'score': 0.9673531651496887}]]",[0]
2024-09-21 10:01:05,stocks,What led to the massive collapse of the Japanese stock market in the 90s and why did it take Japan so long to recover (3 decades) ?,"Hello,

I recently found out t","[[{'label': 'Neutral', 'score': 0.9673531651496887}]]",[0]
2024-09-20 19:28:59,stocks,Intel approached by Qualcomm for a possible takeover of chip design business -- WSJ,>Qualcomm (QCOM) made a takeov,"[[{'label': 'Neutral', 'score': 0.9998270869255066}]]",[0]
2024-09-20 22:26:52,stocks,"Fed Governor Waller says economy is strong, and he voted for 50 points because inflation was softening fast",Waller reiterated that the eco,"[[{'label': 'Neutral', 'score': 0.9673531651496887}]]",[0]
2024-09-20 16:18:17,stocks,"FTC sues drug middlemen (UNH, CVS, CI) for allegedly inflating insulin prices",https://www.cnbc.com/2024/09/2,"[[{'label': 'Neutral', 'score': 0.9673531651496887}]]",[0]
2024-09-20 11:24:21,stocks,A Three Mile Island nuclear reactor could restart under a new deal with Microsoft,https://www.inquirer.com/busin,"[[{'label': 'Neutral', 'score': 0.9673531651496887}]]",[0]
2024-09-20 17:54:36,stocks,Inflation moving sustainably to 2%,Got an economics question for ,"[[{'label': 'Neutral', 'score': 0.9673531651496887}]]",[0]
2024-09-21 02:33:14,stocks,"Question about publicly traded private equity companies (Apollo, KKR, Carlyle, etc.)",When you own the stocks of the,"[[{'label': 'Neutral', 'score': 0.9673531651496887}]]",[0]
2024-09-20 14:27:54,stocks,FedEx Slumps as Lowered Outlook Offers Economic Warning Sign,> (Bloomberg) -- FedEx Corp. t,"[[{'label': 'Neutral', 'score': 0.9673531651496887}]]",[0]
2024-09-21 07:25:27,stocks,Help With Understanding Options P&L ,Currently Selling Covered Call,"[[{'label': 'Neutral', 'score': 0.9673531651496887}]]",[0]
2024-09-20 19:52:59,stocks,PLTR index inclusion - easy 9% upside?,Basis: [https://www.spglobal.c,"[[{'label': 'Neutral', 'score': 0.9673531651496887}]]",[0]
2024-09-20 15:48:45,stocks,$NEP - NextEra Energy Partners,"Great write up on NEP, which h","[[{'label': 'Neutral', 'score': 0.9673531651496887}]]",[0]
2024-09-20 12:47:18,stocks,Anybody fully understands the relationship between openai and msft? Will msft benefit if openai becomes a profitable company?,From the latest report in ft i,"[[{'label': 'Neutral', 'score': 0.9673531651496887}]]",[0]
2024-09-19 20:25:35,stocks,"Nike CEO John Donahoe is out, replaced by Elliott Hill ",Nike on Thursday announced tha,"[[{'label': 'Neutral', 'score': 0.9673531651496887}]]",[0]
2024-09-20 12:04:29,stocks,Three Stock sectors that are the direct beneficiaries of the interest rate cut.,* Changes in the interest rate,"[[{'label': 'Neutral', 'score': 0.9673531651496887}]]",[0]
2024-09-19 23:07:38,stocks,Mercedes cuts FY guidance by 25%. First of many profits warnings to come..,MBG has cut FY24 guidance toda,"[[{'label': 'Neutral', 'score': 0.9673531651496887}]]",[0]
2024-09-21 13:18:57,stocks,"20% spy, 20% qqqm, 30% schd, 30 %iwm not long term",My thoughts are about what I h,"[[{'label': 'Neutral', 'score': 0.9995836615562439}]]",[0]
2024-09-20 12:30:23,stocks,(9/20) Friday's Pre-Market News & Stock Movers,#Good Friday morning traders a,"[[{'label': 'Neutral', 'score': 0.9673531651496887}]]",[0]
2024-09-20 21:41:21,stocks,Platform to trade full pre market / after hours in Canada?,"Hi All,

NASDAQ trader here. R","[[{'label': 'Neutral', 'score': 0.9673531651496887}]]",[0]
2024-09-20 09:30:10,stocks,"r/Stocks Daily Discussion & Fundamentals Friday Sep 20, 2024","This is the daily discussion, ","[[{'label': 'Neutral', 'score': 0.9673531651496887}]]",[0]
2024-09-19 15:49:45,stocks,"Walmart Plans Instant Bank Payments, Cutting Out Card Networks",[Full Article](https://www.blo,"[[{'label': 'Neutral', 'score': 0.9673531651496887}]]",[0]
2024-09-20 14:54:24,stocks,BellRing brands stock analysis (BRBR) ,BellRing brands stock analysis,"[[{'label': 'Neutral', 'score': 0.9673531651496887}]]",[0]
2024-09-20 08:43:59,stocks,"TD Bank Group President and CEO Bharat Masrani to Retire April 10, 2025; Board Names Raymond Chun as Successor","""TD Bank Group (""TD"" or the ""B","[[{'label': 'Neutral', 'score': 0.9673531651496887}]]",[0]
2024-09-19 13:57:15,stocks,INTC has stated they do not have any plans to sell their Mobileye MBLY majority stake. Stock shoots up 15% as shorts get squeezed.,"""As the majority shareholder i","[[{'label': 'Neutral', 'score': 0.9673531651496887}]]",[0]
2024-09-19 14:47:09,stocks,Are European automakers headed for a death spiral?,"I don't intend to exaggerate, ","[[{'label': 'Neutral', 'score': 0.9673531651496887}]]",[0]
2024-09-20 02:19:25,stocks,Would there be anything wrong with buying short ETFs and attaching tight trailing stop losses to them?,So I have been keeping track o,"[[{'label': 'Neutral', 'score': 0.9673531651496887}]]",[0]
2024-09-19 23:23:25,stocks,How much do individual investors affect the market? Vs corps,My google foo is failing me. A,"[[{'label': 'Neutral', 'score': 0.9673531651496887}]]",[0]
2024-09-20 14:14:01,stocks,ILA Union Strike: Potential Economic Impacts,As many of you might have hear,"[[{'label': 'Neutral', 'score': 0.9673531651496887}]]",[0]
2024-09-19 03:17:16,stocks,Why I think we‚Äôre in for a massive rally into year end,So take this with a grain of s,"[[{'label': 'Neutral', 'score': 0.9923471212387085}]]",[0]
2024-09-19 13:13:48,stocks,I am super confused at to what the soft landing entails,So the basic job of Fed is to ,"[[{'label': 'Neutral', 'score': 0.9673531651496887}]]",[0]
2024-09-19 11:00:49,stocks,WSJ Nick Timiraos: Has the Fed Ever Cut by 50 Basis Points in 'Peacetime'?,**WSJ Nick Timiraos: Has the F,"[[{'label': 'Neutral', 'score': 0.9673531651496887}]]",[0]
2024-09-19 22:20:49,stocks,PureCycle's Promising Recycling Technology,PureCycle Technologies $PCT ha,"[[{'label': 'Neutral', 'score': 0.9673531651496887}]]",[0]
2024-09-19 20:27:40,stocks,AMZN Could Buy This Indian EV Startup. Amazon CTO‚Äôs mystery visit to Ultraviolette,"Yo, what‚Äôs up with this? Amazo","[[{'label': 'Neutral', 'score': 0.9673531651496887}]]",[0]
2024-09-19 16:55:54,stocks,Who benefits from Re-Fi / new loan work?,Rates are going lower and so I,"[[{'label': 'Neutral', 'score': 0.9673531651496887}]]",[0]
2024-09-18 16:19:37,stocks,Boeing starts furloughing 'large number' of employees as strike continues,Boeing will furlough a ‚Äúlarge ,"[[{'label': 'Neutral', 'score': 0.9673531651496887}]]",[0]
2024-09-18 18:01:33,stocks,Federal Reserve issues FOMC statement [18 September 2024],**Federal Reserve issues FOMC ,"[[{'label': 'Neutral', 'score': 0.9673531651496887}]]",[0]
2024-09-19 09:30:10,stocks,"r/Stocks Daily Discussion & Options Trading Thursday - Sep 19, 2024","This is the daily discussion, ","[[{'label': 'Neutral', 'score': 0.9673531651496887}]]",[0]
2024-09-18 13:54:00,stocks,"Received $85,000 recently. Should we put it in an ETF such as S&P500 right now or wait?","Hi Everyone 
I received around","[[{'label': 'Neutral', 'score': 0.999941349029541}]]",[0]
2024-09-19 08:05:16,stocks,Can a company decide to pay dividends later? how and why would they?,I'm an amateur in the knowledg,"[[{'label': 'Neutral', 'score': 0.9999129772186279}]]",[0]
2024-09-18 14:50:30,stocks,Google wins court challenge to the EU's $1.7 billion antitrust fine over ad product ,The European Union‚Äôs second-hi,"[[{'label': 'Neutral', 'score': 0.9673531651496887}]]",[0]
2024-09-19 19:18:58,stocks,App to view change % for multiple stocks in a single view/table,"Hi all,

I know there are a lo","[[{'label': 'Neutral', 'score': 0.9673531651496887}]]",[0]
2024-09-20 15:12:40,stocks,NVDA Bear Case | AI Bubble Collapse | Financial Round Tripping | Thematics,"# Background

It's crucial to ","[[{'label': 'Neutral', 'score': 0.58465975522995}]]",[0]
2024-09-18 20:32:22,stocks,YouTube announces AI features from Google DeepMind for Shorts creators ,YouTube on Wednesday announced,"[[{'label': 'Neutral', 'score': 0.9673531651496887}]]",[0]
2024-09-18 15:57:13,stocks,ROIC investing strategy.,View the graphs and diagrams h,"[[{'label': 'Neutral', 'score': 0.9673531651496887}]]",[0]
2024-09-19 12:34:45,stocks,(9/19) - Thursday's Pre-Market News & Stock Movers,#Good morning traders and inve,"[[{'label': 'Neutral', 'score': 0.9673531651496887}]]",[0]
2024-09-17 22:57:56,stocks,BlackRock and Microsoft plan $30bn fund to invest in AI infrastructure,"  
[https://www.ft.com/content","[[{'label': 'Neutral', 'score': 0.5898142457008362}]]",[0]
2024-09-17 21:32:39,stocks,NASA Awards LUNR Near Space Network Contract - Potential Value of $4.82 Billion,"""Intuitive Machines (Nasdaq: L","[[{'label': 'Neutral', 'score': 0.9673531651496887}]]",[0]
2024-09-18 09:30:09,stocks,"r/Stocks Daily Discussion Wednesday - Sep 18, 2024",These daily discussions run fr,"[[{'label': 'Neutral', 'score': 0.9673531651496887}]]",[0]
2024-09-18 12:47:59,stocks,(9/18) - Wednesday's Pre-Market News & Stock Movers,#Good morning traders and inve,"[[{'label': 'Neutral', 'score': 0.9673531651496887}]]",[0]
2021-06-28 21:29:27,NVDA_envy,r/NVDA_envy Lounge,A place for members of r/NVDA_,"[[{'label': 'Neutral', 'score': 0.9673531651496887}]]",[0]
2024-06-25 00:16:39,NVDA_envy,"NIVIDIA Is Crashing and Should You Buy Now? I Will Show You How I Caught The Top and What to Do Next
",,"[[{'label': 'Neutral', 'score': 0.9673531651496887}]]",[0]
2024-06-23 23:29:14,NVDA_envy,"How I Found The Top On $NVDA With Proof! You Could Make Massive Money Too With This System!
",,"[[{'label': 'Neutral', 'score': 0.9673531651496887}]]",[0]
2024-02-25 01:29:49,NVDA_envy,Parabolic EPS = Parabolic Price ,,"[[{'label': 'Neutral', 'score': 0.9673531651496887}]]",[0]
2024-02-18 16:17:21,NVDA_envy,"How Much $10,000 Invested In Nvidia 10 Years Ago Is Worth Now",,"[[{'label': 'Neutral', 'score': 0.9673531651496887}]]",[0]
2022-01-27 22:13:51,NVDA_envy,"Making Easy Money: Investing 2022 - FB, NVDA, SNAP, AAPL, NIO, AMD",,"[[{'label': 'Neutral', 'score': 0.9673531651496887}]]",[0]
2021-11-18 14:33:56,NVDA_envy,2021-11-18 Reminder that NVDA > AMD,BEEG NUM > smol num,"[[{'label': 'Neutral', 'score': 0.9994668364524841}]]",[0]
2021-11-15 16:53:11,NVDA_envy,2021-11-15 Not so daily update that $NVDA > $AMD,:3,"[[{'label': 'Neutral', 'score': 0.9673531651496887}]]",[0]
2021-11-11 14:23:41,NVDA_envy,2021-11-11 Reminder that $NVDA > $AMD,"$294.59 > $139.87

$736.48B > ","[[{'label': 'Neutral', 'score': 0.9673531651496887}]]",[0]
2021-06-28 22:05:44,NVDA_envy,I brought NVDA at $60 and still holding AMA,edit: pre split I should add a,"[[{'label': 'Neutral', 'score': 0.9673531651496887}]]",[0]
2024-03-11 21:40:57,nvda,What's the point in buying worthless calls?,[$NVDA](https://stocktwits.com,"[[{'label': 'Neutral', 'score': 0.9673531651496887}]]",[0]
2024-09-20 13:11:43,TradingEdge,Quants notes and expectations for the day - full commentary included today,"Firstly, today is quad witchin","[[{'label': 'Neutral', 'score': 0.9673531651496887}]]",[0]
2024-09-20 20:50:20,TradingEdge,"Make it 12 out of 13. Will be updating the sub in coming days on how positioning for key stocks and etfs look after opex. Speak soon! Have a good weekend. Thank you all for being here. Its humbling to think this many people want to follow my take on the market. Regards, Tear. ",,"[[{'label': 'Neutral', 'score': 0.9673531651496887}]]",[0]
2024-09-20 18:44:17,TradingEdge,U: ideally want to see a close above this purple box. Will send us to at least 22. Have seen a lot of bullish flow recently on U. Whales are seeing something. At the same time positioning looks bullish with lot of calls on 22 for next expiry. Once we get technical breakout we will have the trifecta,,"[[{'label': 'Neutral', 'score': 0.9673531651496887}]]",[0]
2024-09-20 18:00:51,TradingEdge,"ASTS As mentioned was best to wait for close above 30. We didn't get it. Now down to 26. This is why you have to wait for breakout confirmation. Nonetheless, seeing v bullish order flow. $150k in calls 21% otm for April next year. ",,"[[{'label': 'Neutral', 'score': 0.9673531651496887}]]",[0]
2024-09-20 17:55:29,TradingEdge,"Small cap big order flow. $9M worth of calls, 28 days from now, just OTM. That's a big bet. Let's see how positioning looks after opex today. ",,"[[{'label': 'Neutral', 'score': 0.9673531651496887}]]",[0]
2024-09-20 15:37:54,TradingEdge,"Vktx with that breakout continuation today. And with it, bullish big order flow to support. $338k in calls 28% OTM. Positioning v strong. ",,"[[{'label': 'Neutral', 'score': 0.9673531651496887}]]",[0]
2024-09-20 11:46:29,TradingEdge,"MU: Citi say that 80% of the funds they asked on MU are bearish. They argue the bearishness is now overdone, and set a positive PT on MU at 150. Technicals and positioning still trying to hold the double bottom on MU.. positioning has improved with calls OTM at 95. OTM puts have been sold. ",'Based on recent conversations,"[[{'label': 'Neutral', 'score': 0.9673531651496887}]]",[0]
2024-09-20 14:07:23,TradingEdge,Crwd up 5%. ,,"[[{'label': 'Neutral', 'score': 0.9673531651496887}]]",[0]
2024-09-20 09:23:32,TradingEdge,"NOTE THAT WITH IT BEING OPEX TODAY, A LOT OF THE DELTA HEDGING IN THE POSITIONING CHARTS WILL EXPIRE AND IT CAN LEAD TO A SLIGHTLY DIFFERENT PICTURE ON THE STOCK's NEAR TERM OUTLOOK GOING FORWARD. CAN SLIGHTLY ADJUST WHERE SUPPORT & RESISTANCES ARE. So we have to assess again after OPEX today. ","Overall, from what I see, the ","[[{'label': 'Neutral', 'score': 0.9673531651496887}]]",[0]
2024-09-20 11:44:17,TradingEdge,"CRWD: Goldman Raise price target on CRWD to 324 from 295. These are the analyst comments. We also saw strong order flow just 2 days ago on CRWD. Big put selling and big call buying. Positioning strong, supportive ITM and increasing call delta OTM. ","Analyst Comments: ""We attended","[[{'label': 'Neutral', 'score': 0.9673531651496887}]]",[0]
2024-09-20 08:01:20,TradingEdge,Market making new ATHs in September is a rare occurrence. Has only happened 22 times since 1950. We did yesterday. Here is what the implication is for the market going forward into Q4. (SPOLIER: ITS BULLISH). ,"Since 1950, we have made new A","[[{'label': 'Neutral', 'score': 0.9673531651496887}]]",[0]
2024-09-20 09:20:29,TradingEdge,"NVDA tried its best to break out of this trendline yesterday, but closed below and down slightly in premarket. is an important factor for near term market performance. Want to see close above. positioning v bullish itm, 120 big resistnace from put delta (More IN POST) but most of this will expire","CHART

https://preview.redd.it","[[{'label': 'Neutral', 'score': 0.9673531651496887}]]",[0]
2024-09-20 10:54:55,TradingEdge,"September OPEX today. Notable that 11 of the last 12 Sept OPEX days were red. Recency bias is very much true here, but noteworthy as we open lower today and QQQ sits at a key resistance, and with a shit ton of gamma still there at 5750 as resistnace. more gamma = more resistnace. ",,"[[{'label': 'Neutral', 'score': 0.9673531651496887}]]",[0]
2024-09-20 14:09:22,TradingEdge,"Vst at 100. Looking at the positioning, not seeing much otm calls. At same time, seeing big order flow turning bearish on the stock. $830k call selling. Probably tops here for a bit. ",,"[[{'label': 'Neutral', 'score': 0.9673531651496887}]]",[0]
2024-09-20 08:13:37,TradingEdge,"Tom Lee's take on rate cuts. I am not Tom Lee, but some of the data from this note he gave to his members, I gave to you months ago. notably the first section, and also the fact that market is pricing a hard landing which will make markets rip when they correct for reality which is soft landing. ",,"[[{'label': 'Neutral', 'score': 0.9673531651496887}]]",[0]
2024-09-20 13:27:58,TradingEdge,qqq levels added to the quant post!,see title,"[[{'label': 'Neutral', 'score': 0.9673531651496887}]]",[0]
2024-09-20 09:57:55,TradingEdge,"ARM: flagged on my radar because of the very bullish order flow yesterday. $440k bet on ARM on 185C by April 2025. Thats 31% OTM, s very big move. When I check technicals I see potential breakout here. But need to clsoe above this black line on daily. Pullbackd likely to 21d EMA. ",,"[[{'label': 'Neutral', 'score': 0.9673531651496887}]]",[0]
2024-09-20 08:47:11,TradingEdge,"BOJ keeps rates the same. Commentary from ueda mostly leans hawkish. Key comments given here. This is giving USDJPY a push, although we want to see it close above 21d EMA.A stronger USDJPY reduces carry trade unwind risk and is another potential tailwind for big tech and NVDA particularly.",FURTHER RATE HIKES WILL BE DAT,"[[{'label': 'Neutral', 'score': 0.9673531651496887}]]",[0]
2024-09-20 11:33:52,TradingEdge,"TER: Have seen multiple bullish order flows on TER in the last week. Yesterday, we got this $400k order on Calls 145 for Jan. Earlier, we had put sales $480k for October. Weekly showing possible breakout if we close above the black trendline. Positioning strong ITM at 130 (21W EMA) balanced above.",,"[[{'label': 'Neutral', 'score': 0.9673531651496887}]]",[0]
2024-09-20 07:25:06,TradingEdge,I keep reminding you of this data. Probably the most important data you need to know. We are currently in that normalisation scenario. Forward earnings expected to be very strong this year. Don't be a bear in this kind of scenario. ,,"[[{'label': 'Neutral', 'score': 0.9673531651496887}]]",[0]
2024-09-20 10:58:55,TradingEdge,"XBI still couldnt manage the breakout. That resistance is ridiculous right now. But with the trendline creating a tight apex, the chance of a squeeze higher grows. Positioning bullish. calls on 110 v strong. ",,"[[{'label': 'Neutral', 'score': 0.9673531651496887}]]",[0]
2024-09-20 11:25:32,TradingEdge,"CAT at 370, our 360 target way ITM. Had to wait a bit, but up 6% on this one (is a slow mover stock). Yesterday, we saw  v strong order flow as a whale bet 321k on 400C for next month. Thats a big otm move. Rate cut beneficiary & technicals point to new breakout. is a good set up. ",,"[[{'label': 'Neutral', 'score': 0.9673531651496887}]]",[0]
2024-09-20 10:47:07,TradingEdge,Consumer discretionary generally one of the key rate cut beneficiaries. Rate cuts and easing restriction should stimulate cyclical areas of the economy. We see that with oil positioning right now. Want to see daily close above the blue trendline for entry But Positioning looks dodgy after expiry tbh,,"[[{'label': 'Neutral', 'score': 0.9673531651496887}]]",[0]
2024-09-20 11:10:13,TradingEdge,"NFLX: Yesterday, we saw a retest of the breakout, and a close above that ATH resistnace. That's bullish for momentum. Call delta building OTM, up to 750 even. positioning is v bullish. Up in premarket despite most Mag7 names being lower. hence relative strength",,"[[{'label': 'Neutral', 'score': 0.9673531651496887}]]",[0]
2024-09-20 08:10:20,TradingEdge,"New highs vs new lows continues to increase. Vast majority of stocks are responding well to the prospect of rate cuts. This points to improving market breadth, which is typically a sign of healthy markets set to continue to new highs. ",,"[[{'label': 'Neutral', 'score': 0.9673531651496887}]]",[0]
2024-09-20 07:32:32,TradingEdge,"I have mentioned jobless claims seasonality a few times on this sub. Here we see that yesterday's jobless claims, whcih came out soft to imply a stronger labour market (good for markets), was a function in part of usual seasonality trends. Can expect lower numbers to continue through October.",,"[[{'label': 'Neutral', 'score': 0.9673531651496887}]]",[0]
2024-09-20 07:27:31,TradingEdge,"Anyone who thinks that the market is up ""too much"" this year, take a look at this. Yes, the average return of the S&P 500 is 8%, but it is rarely 8% on the year. Instead you have lots of high years and low years that net out to 8%. on high years, market's up 19% on average. We aren't breaking ground",,"[[{'label': 'Neutral', 'score': 0.9673531651496887}]]",[0]
2024-09-20 10:28:09,TradingEdge,"DE monthly looking interesting. Is a longer term play since we are watching th monthly chart here. Want to see a clear break above the trendline for more upside. Rate cuts should be supportive of industrial stocks and commodities. Positioning shows storng ITM, but will expire and not much OTM yet",,"[[{'label': 'Neutral', 'score': 0.9673531651496887}]]",[0]
2024-09-20 07:44:54,TradingEdge,"Bloomberg's polymarket Election prediction, state by state. interesting viewing if nothing else. Let's keep an eye on this. updates every 5 mins so can keep track of what market is pricing for each state in real time. ",,"[[{'label': 'Neutral', 'score': 0.9673531651496887}]]",[0]
2024-09-20 08:15:28,TradingEdge,"EVERCORE RAISES YEAR END PRICE TARGET TO 6000 ON SPX. ‚ÄúWe raise our year-end 2024 $SPX PT to 6,000 from 4,750. 2024 EPS goes to $238 and 2025 EPSe to $251 (up from $243) implying 8% and 5% EPS growth respectively... 7,000 is possible by end-2025.‚Äù",This is in line with the data ,"[[{'label': 'Neutral', 'score': 0.9673531651496887}]]",[0]
2024-09-20 08:29:55,TradingEdge,"Market A/D indicator for most indexes making new highs. This is a sign of strong market breadth. It typically is associated with new market highs. We see that on Dow, SPX, RUT etc. New AD highs & new Index highs. but Nasdaq is shoiwng new AD highs but still off Index highs. Potential upside here.",,"[[{'label': 'Neutral', 'score': 0.9673531651496887}]]",[0]
2024-09-20 08:59:14,TradingEdge,"GOld: Got the slightest of pullbacks towards 21d EMA, then ripped higher. New ATHs. Have been calling bullish on gold and GLD all year. Positioning remains v bullish, as traders expect dollar to cotninue decline throguhout this cutting cycle. Skew bullish following FOMC. ",,"[[{'label': 'Neutral', 'score': 0.9673531651496887}]]",[0]
2024-09-20 07:53:04,TradingEdge,"AMZN at that 190 wall. up 10% since I started posting on it a couple of weeks ago. üéØ 190 still has put delta there making it a wall, but much of the puts have been sold hence wall strength is reduced. Calls building up to 200. Mixed order flow, so hard to get a read on this. Skew slightly bullish",,"[[{'label': 'Neutral', 'score': 0.9673531651496887}]]",[0]
2024-09-20 07:31:02,TradingEdge,"With dollar weak and central banks now cutting rates, we see that liquidity in the market remains strong. In image 2, we track excess liquidity and we see that it has continued to rise since late 2022, supporting the equity rally. This ample liquidity set to increase and is unequivocally bullish",,"[[{'label': 'Neutral', 'score': 0.9673531651496887}]]",[0]
2024-09-20 09:09:39,TradingEdge,"MMM: testing a mutli year monthly trendline. Potential breakout here. Supportive technically at this liquidity level given in the chart at 128ish. Positioning bullish. Watching monthly chart so watch longer expiries. Bullish order flow yday, $670k bet on 150C by this time next year.",,"[[{'label': 'Neutral', 'score': 0.9673531651496887}]]",[0]
2024-09-20 07:40:39,TradingEdge,This chart was a snapshot I took before the Fed meeting that I was meaning to share yesterday. We will continue to track its change over the next weeks. It is extremely insightful and primarily tells us a lot about recessionary risk and how the markets pricing it with different assets. ,https://preview.redd.it/f740cr,"[[{'label': 'Neutral', 'score': 0.9673531651496887}]]",[0]
2024-09-20 08:36:38,TradingEdge,"NIO: This is the 4 hour chart being shown. If we can close above here, ideally on daily chart, then we can set up push towards 6. Positioning data shows strong ITM at 5. Put delta at 5.50 makes a resistnace, but skew higher as we got interesting bullish order flow yday. Calls on 6, $240k premium. ",,"[[{'label': 'Neutral', 'score': 0.9673531651496887}]]",[0]
2024-09-20 07:43:05,TradingEdge,JNK bonds make a new high of the year following rate cut decision. Here we see the close relatiaonship between junk bonds and small caps. It's supportive indeed. JNK bonds jumping like this not at all an indication of recession by the way. Bullish,,"[[{'label': 'Neutral', 'score': 0.9673531651496887}]]",[0]
2024-09-20 08:49:51,TradingEdge,GBPUSD: Strong retail sales out of UK is sending GBPUSD higher. Continues breakout. Positioning suggests traders expect weak dollar hence stronger GBPUSD. Currently trading above 1.33 resistnace. Positive gamma building above. ,,"[[{'label': 'Neutral', 'score': 0.9673531651496887}]]",[0]
2024-09-19 20:29:48,TradingEdge,Meta smashes through the 550 target. We now see calls build up to 600. Positioning extremely bullish. More bullish order flow today. ,,"[[{'label': 'Neutral', 'score': 0.9673531651496887}]]",[0]
2024-09-19 20:27:07,TradingEdge,Bullish flow on TSLA was spot on yday. Up 7.4% today. My previous target of 240 goes itm. Next stop 250 which looks a resistsncd for now. Watching order flow has helped again to corroborate what positioning tells us. ,,"[[{'label': 'Neutral', 'score': 0.9673531651496887}]]",[0]
2024-09-19 20:21:46,TradingEdge,Asts: Market makers won this one. Pared gains and closed below 30. Still best to wait for close above here IMO as the gamma there is significant. May recalibrate after opex so let's check back next week. ,,"[[{'label': 'Neutral', 'score': 0.9673531651496887}]]",[0]
2024-09-19 20:42:33,TradingEdge,SPOT 360 now itm. üéØ positioning more or less as it was. V bullish. 380 call delta strong. Seems next target. Supportive itm at pink box. (350). ,,"[[{'label': 'Neutral', 'score': 0.9673531651496887}]]",[0]
2024-09-19 20:20:40,TradingEdge,"AAPL: order flow didn't lie. 230 was more or less ITM today. But due to put delta on this strike, pared gains slightly. ",,"[[{'label': 'Neutral', 'score': 0.9673531651496887}]]",[0]
2024-09-19 20:36:14,TradingEdge,VST 90 now ITM. üéØ Looking at bullish order flow helped us here once again to find the high prob set up. Will keep posting going forward. ,,"[[{'label': 'Neutral', 'score': 0.9673531651496887}]]",[0]
2024-09-19 12:11:15,TradingEdge,"What should you do if youre sitting in cash right now watching the market go up? Its not easy to say, but this is my take. ",if you are not trying to time ,"[[{'label': 'Neutral', 'score': 0.9673531651496887}]]",[0]
2024-09-19 20:23:26,TradingEdge,Order flow on CVNA also proved accurate. That 170 call delta that was developing now ITM. ,,"[[{'label': 'Neutral', 'score': 0.9673531651496887}]]",[0]
2024-09-19 20:25:03,TradingEdge,CRS: bounced perfectly off the 50d EMA as predicted in my previous posts. The 150 OI target is now ITM.,,"[[{'label': 'Neutral', 'score': 0.9673531651496887}]]",[0]
2024-09-19 11:37:37,TradingEdge,"JPM put out a piece today saying that ""Over the past 40 years, the Fed has cut rates 12 times when the S&P 500  was within 1% of an all-time high. The market was higher a year later all 12 times, with an average return of around 15%."" Thing is, I gave you this data a week ago. JPM are slow. ",,"[[{'label': 'Neutral', 'score': 0.9673531651496887}]]",[0]
2024-09-19 17:09:11,TradingEdge,Asts currently above that 30 level. Want to see a close above too. Next target looks like can be as high as 35. Positioning still bullish (skewed to calls). Question is all about where we close. Market makers will try to get us below 30. Let's see. ,,"[[{'label': 'Neutral', 'score': 0.9673531651496887}]]",[0]
2024-09-21 14:11:38,NvidiaStock,"Microsoft, BlackRock to launch $30 billion fund for AI infrastructure",https://www.reuters.com/techno,"[[{'label': 'Neutral', 'score': 0.9673531651496887}]]",[0]
2024-09-21 13:35:38,NvidiaStock,Citadel and DE Shaw slashed Nvidia holdings ahead of market rout,,"[[{'label': 'Neutral', 'score': 0.9673531651496887}]]",[0]
2024-09-20 16:21:13,NvidiaStock,Stop trying to predict NVIDIA's price tomorrow. You look ridiculous. ,[**It's impossible to predict ,"[[{'label': 'Neutral', 'score': 0.9882720112800598}]]",[0]
2024-09-20 21:36:46,NvidiaStock,Looks at this price manipulation or is it something else?,What is this guys? Ever seen l,"[[{'label': 'Neutral', 'score': 0.9998862743377686}]]",[0]
2024-09-19 19:58:41,NvidiaStock,"This cashflow looks really healthy, generated cash from operation, and out going cash to buy stock back. it's a printing machine..",,"[[{'label': 'Positive', 'score': 0.9990973472595215}]]",[1]
2024-09-20 18:24:23,NvidiaStock,Why this mad har chood institutions dumping nvdia  after rate cut? ,Why this mad har chood institu,"[[{'label': 'Neutral', 'score': 0.9673531651496887}]]",[0]
2024-09-20 20:03:30,NvidiaStock,"Nvidia has cost me so much happiness, will I ever smile again? ",I have not been able to get of,"[[{'label': 'Positive', 'score': 0.4998004734516144}]]",[1]
2024-09-19 15:47:39,NvidiaStock,Any clue on when the 40 series founders GPUs are gonna be back in stock in the UK?,https://preview.redd.it/ged2w9,"[[{'label': 'Neutral', 'score': 0.9583929181098938}]]",[0]
2024-09-18 19:33:27,NvidiaStock,NVDA's margin is just too good,,"[[{'label': 'Neutral', 'score': 0.9673531651496887}]]",[0]
2024-09-18 17:15:35,NvidiaStock,This stock is hilarious.,"Is it just me, or does this st","[[{'label': 'Neutral', 'score': 0.9541825652122498}]]",[0]
2024-09-19 03:18:48,NvidiaStock,Market pumping futures tonight . Big pump and dump?,Looks like NVDA  is up after h,"[[{'label': 'Positive', 'score': 0.9994099140167236}]]",[1]
2024-09-19 17:16:40,NvidiaStock,"Hi, I wanted to ask a question, triple witching
","Hi, I just want to ask because","[[{'label': 'Neutral', 'score': 0.9997429251670837}]]",[0]
2024-09-17 23:05:18,NvidiaStock,The true purpose of AI is to allow wealth to access skill without allowing skill to access wealth.,Credit to jeffowski on twitter,"[[{'label': 'Neutral', 'score': 0.9999717473983765}]]",[0]
2024-09-18 17:01:01,NvidiaStock,Are they pumping the stock now to dump after the rate cut announcement?,,"[[{'label': 'Neutral', 'score': 0.9998370409011841}]]",[0]
2024-09-19 11:56:07,NvidiaStock,Do not fall for today's pre-market pump,The stock will go down bellow ,"[[{'label': 'Positive', 'score': 0.9999998807907104}]]",[1]
2024-09-18 23:59:42,NvidiaStock,"Why does no news outlet, journalist or analyst explain to anyone what the month of September means to the market, historically? No one understands what is going on with Nvidia, because they have no idea what September means to the market.",On the subject of not letting ,"[[{'label': 'Neutral', 'score': 0.9997429251670837}]]",[0]
2024-09-18 14:06:53,NvidiaStock,This action will see 130 at some point in the history of mankind?,This stock will see 130 at som,"[[{'label': 'Neutral', 'score': 0.9997095465660095}]]",[0]
2024-09-18 17:51:48,NvidiaStock,Hold? Or sell before economy tanks,I‚Äôve been hearing a lot about ,"[[{'label': 'Neutral', 'score': 0.9864223003387451}]]",[0]
2024-09-17 17:02:40,NvidiaStock,Can some one please explain to me how the market should logically react to a 25 basis Points or 50 basis Points cut?,,"[[{'label': 'Positive', 'score': 0.9995880722999573}]]",[1]
2024-09-17 04:14:29,NvidiaStock,Cramer says don't chase the move from tech!,Cramer on Mad Money tonight sa,"[[{'label': 'Neutral', 'score': 0.9673531651496887}]]",[0]
2024-09-17 14:00:53,NvidiaStock,Serve robotics? ,Can anyone give me some facts ,"[[{'label': 'Neutral', 'score': 0.6428797245025635}]]",[0]
2024-09-16 21:02:42,NvidiaStock,What Happened to Long Term Investing Over Short Term Trading?,There's nothing wrong with tra,"[[{'label': 'Neutral', 'score': 0.9673531651496887}]]",[0]
2024-09-16 13:10:17,NvidiaStock,Beginner investor,I'm 17 years old and started i,"[[{'label': 'Neutral', 'score': 0.780005931854248}]]",[0]
2024-09-15 20:54:10,NvidiaStock, OpenAI's new strawberry model thinks NVIDIA is a 4.5/5 investment based on its fundamentals! ü§© ,,"[[{'label': 'Positive', 'score': 1.0}]]",[1]
2024-09-15 20:45:24,NvidiaStock,"When you see this many ai startups, do you see hope or despair?",,"[[{'label': 'Neutral', 'score': 0.9938002228736877}]]",[0]
2024-09-15 16:10:51,NvidiaStock,I took profits but plan to reinvest when dip,I got in at 107 held to 120 an,"[[{'label': 'Neutral', 'score': 0.699704110622406}]]",[0]
2024-09-16 20:24:28,NvidiaStock,"Sell ‚Äã‚Äãtomorrow, buy back on Monday?
",Everything indicates that tomo,"[[{'label': 'Neutral', 'score': 0.7129666805267334}]]",[0]
2024-09-16 13:36:57,NvidiaStock,Panic Panic Panic!!! What happend hahah ,,"[[{'label': 'Neutral', 'score': 0.6707180738449097}]]",[0]
2024-09-15 09:41:59,NvidiaStock,How much Nvidia are u holding?,Just curious on how much Nvidi,"[[{'label': 'Neutral', 'score': 0.9673531651496887}]]",[0]
2024-09-14 21:08:39,NvidiaStock,Just read article that nvda will most likely be sold around 120 to 124 by institutions ,They predict nvda could be bac,"[[{'label': 'Positive', 'score': 0.869274914264679}]]",[1]
2024-09-14 23:26:12,NvidiaStock,Bad product placement,,"[[{'label': 'Neutral', 'score': 0.9906553626060486}]]",[0]
2024-09-13 17:45:43,NvidiaStock,Saudi Arabia expects to get access to Nvidia's high performance chips 'within the next year',,"[[{'label': 'Positive', 'score': 0.7791614532470703}]]",[1]
2024-09-13 13:57:34,NvidiaStock,Wall Street likes what Nvidia CEO said yesterday . . . ,"Yesterday, a Reddit imbecile s","[[{'label': 'Neutral', 'score': 0.9908841252326965}]]",[0]
2024-09-15 00:34:09,NvidiaStock,This is what OpenAI‚Äôs o1 (strawberry üçì) thinks of NVIDIA‚Äôs earnings,,"[[{'label': 'Neutral', 'score': 0.9673531651496887}]]",[0]
2024-09-14 01:06:15,NvidiaStock,Rate cut - does it matter?,The Feds will cut rates next w,"[[{'label': 'Negative', 'score': 0.578403651714325}]]",[-1]
2024-09-13 17:44:00,NvidiaStock,"U.S. approved sale of cutting-edge Nvidia AI chips to UAE‚Äôs G42, Semafor says",,"[[{'label': 'Neutral', 'score': 0.9673531651496887}]]",[0]
2024-09-13 14:26:38,NvidiaStock,Here's what Nvidia's CEO said at Goldman Sachs,Nvidia‚Äôs market cap increased ,"[[{'label': 'Positive', 'score': 1.0}]]",[1]
2024-09-13 16:54:03,NvidiaStock,US Stock Futures Edge Higher as Traders Reassess Possibility of Bigger Fed Rate Cut,,"[[{'label': 'Neutral', 'score': 0.9673531651496887}]]",[0]
2024-09-14 15:16:02,NvidiaStock,Due Diligence for Retail Investors,Company 360:  https://apps.app,"[[{'label': 'Neutral', 'score': 0.9673531651496887}]]",[0]
2024-09-13 14:55:46,NvidiaStock,nVidia vs. SMCI,,"[[{'label': 'Neutral', 'score': 0.9673531651496887}]]",[0]
2024-09-13 00:13:36,NvidiaStock,‚ÄúYou need to invest in bonds and have a sensible 60/40 mix‚Äù Haha! ,10 year growth of $10K for a f,"[[{'label': 'Neutral', 'score': 0.9914501309394836}]]",[0]
2024-09-12 16:43:38,NvidiaStock,Jensen in a Suit!,"Yes, the leather jacket was pu","[[{'label': 'Neutral', 'score': 0.9673531651496887}]]",[0]
2024-09-13 15:25:27,NvidiaStock,"What do you think will happen on September 18?
",I have seen that the trend gen,"[[{'label': 'Neutral', 'score': 0.9673531651496887}]]",[0]
2024-09-12 14:11:43,NvidiaStock,Does anyone plan on selling at 130,Nvidia seems to drop after hit,"[[{'label': 'Positive', 'score': 0.9821226596832275}]]",[1]
2024-09-12 21:06:23,NvidiaStock,Will the stock reach record high in coming 10 days?,,"[[{'label': 'Negative', 'score': 0.980620801448822}]]",[-1]
2024-09-12 18:33:39,NvidiaStock,Are you ready? Worst 2 weeks of the year (historically) starts on Monday 9/16-Monday 9/30,Are you ready? Worst 2 weeks o,"[[{'label': 'Neutral', 'score': 0.9673531651496887}]]",[0]
2024-09-12 15:14:04,NvidiaStock,Huang on the Future of AI,Speaking at the Goldman Sachs ,"[[{'label': 'Neutral', 'score': 0.9359987378120422}]]",[0]
2024-09-13 04:07:46,NvidiaStock,o1 Hello - This is simply amazing - Here's my initial review - This will shock the world!,,"[[{'label': 'Neutral', 'score': 0.9673531651496887}]]",[0]
2024-09-12 05:27:27,NvidiaStock,"Jensen Huang speaking at Goldman Sachs Communacopia confirms Blackwell is ramping now and in full production ""The world is on our shoulders""  - THERE IS NO DELAY ",,"[[{'label': 'Neutral', 'score': 0.9673531651496887}]]",[0]
2024-09-12 00:44:36,NvidiaStock,This literally happened last month,Crazy it's repeating the same ,"[[{'label': 'Positive', 'score': 0.989862322807312}]]",[1]
2024-09-20 01:58:10,NVDA_Fun,It happens,,"[[{'label': 'Neutral', 'score': 0.9673531651496887}]]",[0]
2024-09-15 14:56:35,NVDA_Fun,Nvidia AV partner Zoox is launching fully autonomous rides in SF,,"[[{'label': 'Neutral', 'score': 0.9673531651496887}]]",[0]
2024-09-15 04:21:08,NVDA_Fun,Asian chip-related stocks rally on renewed AI optimism after Nvidia CEO comments,https://www.cnbc.com/amp/2024/,"[[{'label': 'Neutral', 'score': 0.9673531651496887}]]",[0]
2024-09-11 23:27:33,NVDA_Fun,Nvidia(NVDA) Stock Skyrockets  Latest Updates! 2024 09 11,,"[[{'label': 'Neutral', 'score': 0.9673531651496887}]]",[0]
2024-09-04 20:16:25,NVDA_Fun,No Subpoena,https://finance.yahoo.com/news,"[[{'label': 'Neutral', 'score': 0.9673531651496887}]]",[0]
2024-09-01 04:32:01,NVDA_Fun,Rally Incoming,I predict NVDA and other playe,"[[{'label': 'Neutral', 'score': 0.9673531651496887}]]",[0]
2024-08-29 19:30:33,NVDA_Fun,First time in 2 years ,This is the first time in two ,"[[{'label': 'Neutral', 'score': 0.9673531651496887}]]",[0]
2024-08-19 00:14:12,NVDA_Fun,NVDA Prediction For Aug 28 Earnings Call,Let‚Äôs see what the community p,"[[{'label': 'Neutral', 'score': 0.9673531651496887}]]",[0]
2024-08-14 05:26:22,NVDA_Fun,NVDA FOMO,,"[[{'label': 'Neutral', 'score': 0.9673531651496887}]]",[0]
2024-07-24 20:09:01,NVDA_Fun,10% Guaranteed Profit in 6 months,If you bought NVDA around $115,"[[{'label': 'Neutral', 'score': 0.9673531651496887}]]",[0]
2024-07-21 19:06:15,NVDA_Fun,Runway of Power,,"[[{'label': 'Neutral', 'score': 0.9673531651496887}]]",[0]
2024-06-29 21:34:35,NVDA_Fun,"I believe i bought nvda stock last week at an average cost around 123.55$, i have 23.6 shares. I plan on holding as long term. Where do we see this stock by end of year?",,"[[{'label': 'Neutral', 'score': 0.9673531651496887}]]",[0]
2024-06-28 23:39:44,NVDA_Fun,Tour De AI,,"[[{'label': 'Neutral', 'score': 0.9673531651496887}]]",[0]
2024-06-20 18:54:54,NVDA_Fun,It‚Äôs reload time,You all wanted a day like this,"[[{'label': 'Neutral', 'score': 0.9673531651496887}]]",[0]
2024-06-19 22:51:02,NVDA_Fun,"NVIDIA Is Due For a Big Correction Soon! Must Watch To Make Massive Money On The Downside!
",,"[[{'label': 'Neutral', 'score': 0.9673531651496887}]]",[0]
2024-06-19 05:30:18,NVDA_Fun,"The ""tech whisperer"" can't seem to figure out one of the simplest LTBHs of all time",,"[[{'label': 'Neutral', 'score': 0.9673531651496887}]]",[0]
2024-06-18 21:44:34,NVDA_Fun,Weird Times for NVDA,I think there is a lot of NVDA,"[[{'label': 'Neutral', 'score': 0.9673531651496887}]]",[0]
2024-06-07 05:22:44,NVDA_Fun,"Rivian redesigns all-electric R1 pickup and SUV, adds Nvidia chips and improves performance",,"[[{'label': 'Neutral', 'score': 0.9673531651496887}]]",[0]
2024-06-05 00:03:28,NVDA_Fun,The $100B privilege,,"[[{'label': 'Neutral', 'score': 0.9673531651496887}]]",[0]
2024-06-05 01:28:47,NVDA_Fun,Poll: NVDA Price Target,Since analysts are barely keep,"[[{'label': 'Neutral', 'score': 0.9673531651496887}]]",[0]
2024-06-04 02:29:01,NVDA_Fun,Nvidia on the rise.,,"[[{'label': 'Neutral', 'score': 0.9673531651496887}]]",[0]
2024-06-02 23:20:25,NVDA_Fun,Rubin is coming,https://www.tomshardware.com/p,"[[{'label': 'Neutral', 'score': 0.9673531651496887}]]",[0]
2024-05-31 14:42:43,NVDA_Fun,Time to reload,"Below $1090.

Chance to make s","[[{'label': 'Neutral', 'score': 0.9673531651496887}]]",[0]
2024-05-28 01:42:10,NVDA_Fun,Crossed $1100 in overnight,"Volume is low, but price is re","[[{'label': 'Neutral', 'score': 0.9673531651496887}]]",[0]
2024-05-25 22:30:56,NVDA_Fun,Will NVDA reach $130 after split?,"Let‚Äôs vote.

[View Poll](https","[[{'label': 'Neutral', 'score': 0.9673531651496887}]]",[0]
2024-05-22 22:27:33,NVDA_Fun,Time to Celebrate!,I think NVDA‚Äôs long term prosp,"[[{'label': 'Neutral', 'score': 0.9673531651496887}]]",[0]
2024-05-16 03:29:58,NVDA_Fun,Price Prediction After Earnings,"It‚Äôs that time of quarter!

Ke","[[{'label': 'Neutral', 'score': 0.9673531651496887}]]",[0]
2024-05-10 22:32:53,NVDA_Fun,Guaranteed 5% gain in 3 weeks,Let me make a prediction. It c,"[[{'label': 'Neutral', 'score': 0.9673531651496887}]]",[0]
2024-05-10 03:16:24,NVDA_Fun,Get ready with cash!,"Time to buy is coming.

Cheers","[[{'label': 'Neutral', 'score': 0.9673531651496887}]]",[0]
2024-05-08 19:41:56,NVDA_Fun,[Video] A tech company adding AI to its product,,"[[{'label': 'Neutral', 'score': 0.9673531651496887}]]",[0]
2024-05-01 17:25:39,NVDA_Fun,AMD is giving us buying opportunity,[https://finance.yahoo.com/m/5,"[[{'label': 'Neutral', 'score': 0.9673531651496887}]]",[0]
2024-04-30 22:40:14,NVDA_Fun,Time to load up,It will go up after earnings.,"[[{'label': 'Neutral', 'score': 0.9673531651496887}]]",[0]
2024-04-30 14:39:03,NVDA_Fun,Benchmarking NVIDIA TensorRT-LLM - Jan,,"[[{'label': 'Neutral', 'score': 0.9673531651496887}]]",[0]
2024-04-24 01:05:35,NVDA_Fun,SoftBank Is Betting Big on Nvidia (NVDA) Stock,https://investorplace.com/2024,"[[{'label': 'Neutral', 'score': 0.9673531651496887}]]",[0]
2024-04-23 21:25:31,NVDA_Fun,"Nvidia will soar 21% to $1,000 as its new AI chip slams would-be rivals, Morgan Stanley says. It‚Äôs among 10 stocks set to surge.",https://fortune.com/2024/04/23,"[[{'label': 'Neutral', 'score': 0.9673531651496887}]]",[0]
2024-04-24 00:14:27,NVDA_Fun,BREAKING: Three New Deals Will Send Nvidia Stock Soaring Soon,[https://www.youtube.com/watch,"[[{'label': 'Neutral', 'score': 0.9673531651496887}]]",[0]
2024-04-19 21:50:04,NVDA_Fun,Hold Tight! Nvidia‚Äôs Upcoming Earnings Could Catapult Shares to New Heights.,https://investorplace.com/2024,"[[{'label': 'Neutral', 'score': 0.9673531651496887}]]",[0]
2024-04-18 14:27:05,NVDA_Fun,Microsoft introduced VASA-1 - It's a new AI model that can turn 1 photo and 1 piece of audio into a fully lifelike human,,"[[{'label': 'Neutral', 'score': 0.999987006187439}]]",[0]
2024-04-18 14:48:27,NVDA_Fun,NVDA in the Market goes Up and Down üéµ,".. up and down

NVDA in the Ma","[[{'label': 'Neutral', 'score': 0.9673531651496887}]]",[0]
2024-04-18 14:05:05,NVDA_Fun,Jen-Hsun Huang and Lori Mills Huang Collaborative Innovation Complex - OSU,,"[[{'label': 'Neutral', 'score': 0.9673531651496887}]]",[0]
2024-04-18 14:14:31,NVDA_Fun,Why Down,Looks like a couple of factors,"[[{'label': 'Neutral', 'score': 0.9673531651496887}]]",[0]
2024-04-18 06:13:01,NVDA_Fun,TSMC beats first-quarter revenue and profit expectations on strong AI chip demand,[https://www.cnbc.com/2024/04/,"[[{'label': 'Neutral', 'score': 0.9673531651496887}]]",[0]
2024-04-17 16:54:13,NVDA_Fun,The Whole Market is Down,"So don‚Äôt panic.

Buy if you ca","[[{'label': 'Neutral', 'score': 0.9673531651496887}]]",[0]
2024-04-15 17:57:22,NVDA_Fun,Keep Buying,Let‚Äôs milk the $850-900 channe,"[[{'label': 'Neutral', 'score': 0.9673531651496887}]]",[0]
2024-04-13 00:26:30,NVDA_Fun,JHH - Making his way up the list of Wealthiest Californians. . . .,,"[[{'label': 'Neutral', 'score': 0.9673531651496887}]]",[0]
2024-04-12 19:54:50,NVDA_Fun,NVDA likely to be within $2000-$2500 by 2027,I think this guy has a decent ,"[[{'label': 'Neutral', 'score': 0.9673531651496887}]]",[0]
2024-04-11 14:05:08,NVDA_Fun,[OT] CEOs bet up to $10 million to prove Elon Musk's AI prediction wrong,,"[[{'label': 'Neutral', 'score': 0.9673531651496887}]]",[0]
2024-04-10 13:12:14,NVDA_Fun,Brace for Impact: Inflation comes in hotter than expected in March at 3.5%,https://finance.yahoo.com/news,"[[{'label': 'Neutral', 'score': 0.9673531651496887}]]",[0]
2024-04-09 21:07:34,NVDA_Fun,The Bull Run In Nvidia Stock Has Only Just Begun. Here‚Äôs Why.,https://investorplace.com/2024,"[[{'label': 'Neutral', 'score': 0.9673531651496887}]]",[0]
2024-04-09 01:32:46,NVDA_Fun,Analyst revises Nvidia stock price target on China update,https://www.thestreet.com/inve,"[[{'label': 'Neutral', 'score': 0.9673531651496887}]]",[0]
2024-09-17 14:31:15,options,Options Questions Safe Haven weekly thread | Sep 17-23 2024,There are no stupid questions.,"[[{'label': 'Neutral', 'score': 0.9673531651496887}]]",[0]
2021-02-15 03:54:33,options,"Resources: FAQ, Side-bar links, Options Questions Safe Haven weekly thread, How to ask Smart Questions, Posting Guidelines, Wiki",,"[[{'label': 'Neutral', 'score': 0.9673531651496887}]]",[0]
2024-09-21 12:52:51,options,SPX Box Spreads,Am I understanding correctly t,"[[{'label': 'Neutral', 'score': 0.9673531651496887}]]",[0]
2024-09-20 22:50:30,options,SEC Approves Options Trading on BlackRock‚Äôs Spot Bitcoin ETF,The U.S. Securities and Exchan,"[[{'label': 'Neutral', 'score': 0.9673531651496887}]]",[0]
2024-09-20 13:52:14,options,Update: $DJT down 6% so far today,Told you so,"[[{'label': 'Neutral', 'score': 0.9673531651496887}]]",[0]
2024-09-21 00:34:15,options,The Most Important Goal Playing Earning's imo.,I've played earnings now prett,"[[{'label': 'Neutral', 'score': 0.9673531651496887}]]",[0]
2024-09-21 06:39:34,options,Straddles/Double Diagonals For Earnings Any Veterans?,Have you ever tried/considered,"[[{'label': 'Neutral', 'score': 0.9673531651496887}]]",[0]
2024-09-21 03:41:54,options,RH alternatives,https://preview.redd.it/a0je2n,"[[{'label': 'Neutral', 'score': 0.9673531651496887}]]",[0]
2024-09-20 16:59:25,options,Yolo'd all remaining ROTH IRA funds into META puts,https://preview.redd.it/l1zulq,"[[{'label': 'Neutral', 'score': 0.9673531651496887}]]",[0]
2024-09-20 20:51:13,options,Using Wheel Trade to Reduce Cost Basis per Share,I‚Äôve been using a wheel option,"[[{'label': 'Neutral', 'score': 0.9673531651496887}]]",[0]
2024-09-20 18:25:43,options,Overmanaging your portfolio,How do you get over...I guess ,"[[{'label': 'Neutral', 'score': 0.9673531651496887}]]",[0]
2024-09-20 21:25:40,options,Covered strangle only on SPY or multiple uncorrelated products (stocks or ETFs) ?,If you had to choose between o,"[[{'label': 'Neutral', 'score': 0.9673531651496887}]]",[0]
2024-09-20 23:16:59,options,Trading US options on Canadian stocks,This may be too specific and m,"[[{'label': 'Neutral', 'score': 0.9673531651496887}]]",[0]
2024-09-20 19:14:09,options,Any stock suggestions for my next play? ,My next play involves waiting ,"[[{'label': 'Neutral', 'score': 0.9673531651496887}]]",[0]
2024-09-21 00:11:34,options,Do I buy these back? Advice needed,"I had a stock, POWL, that was ","[[{'label': 'Neutral', 'score': 0.9673531651496887}]]",[0]
2024-09-21 00:08:00,options,Strange Bid/Ask option spread during INTC halt,INTC was halted around 3:20pm ,"[[{'label': 'Neutral', 'score': 0.9673531651496887}]]",[0]
2024-09-20 14:09:06,options,Alternative for yahoo finance ,Is there another app that has ,"[[{'label': 'Neutral', 'score': 0.9673531651496887}]]",[0]
2024-09-20 21:55:41,options,Gc options ,Hey guys I have been trading s,"[[{'label': 'Neutral', 'score': 0.9673531651496887}]]",[0]
2024-09-20 14:50:09,options,Understanding the dynamics of Volume & Open Interest,"How to understand the 
a. ‚ÄúExp","[[{'label': 'Neutral', 'score': 0.9673531651496887}]]",[0]
2024-09-20 19:09:00,options,Selling options based on spread price increase.,Is selling call options based ,"[[{'label': 'Neutral', 'score': 0.9673531651496887}]]",[0]
2024-09-20 07:04:27,options,Are you having any plans for META next week?,META connect is coming next we,"[[{'label': 'Neutral', 'score': 0.9673531651496887}]]",[0]
2024-09-20 11:17:10,options,Relations of Dual Investment versus Deribit ,Hi all. I am currently doing d,"[[{'label': 'Neutral', 'score': 0.9673531651496887}]]",[0]
2024-09-20 20:25:45,options,Stop loss on fidelity ,Is there a way to add a stop l,"[[{'label': 'Neutral', 'score': 0.9673531651496887}]]",[0]
2024-09-19 16:57:00,options,In $DJT puts. Anyone else?,I‚Äôm bearish on DJT. IPO hold p,"[[{'label': 'Neutral', 'score': 0.9673531651496887}]]",[0]
2024-09-20 13:17:19,options,Events Calendar ,Does anyone use a calendar for,"[[{'label': 'Neutral', 'score': 0.9673531651496887}]]",[0]
2024-09-19 17:37:01,options,Has anyone used the Wheel Strategy successfully long term?  ,"If so, how long?  What were yo","[[{'label': 'Neutral', 'score': 0.9673531651496887}]]",[0]
2024-09-20 01:28:52,options,Long stock opinions,What are people‚Äôs opinions on ,"[[{'label': 'Neutral', 'score': 0.9673531651496887}]]",[0]
2024-09-20 21:20:55,options,PMCC is such a trap,PMCC seemed an ideal strategy.,"[[{'label': 'Neutral', 'score': 0.9979750514030457}]]",[0]
2024-09-20 19:51:07,options,Tilted,I'm burnt 1k *just since FOMC*,"[[{'label': 'Neutral', 'score': 0.9673531651496887}]]",[0]
2024-09-20 16:40:06,options,Exercising ITM Long Options?,How do those hedge funds big i,"[[{'label': 'Neutral', 'score': 0.9673531651496887}]]",[0]
2024-09-19 20:45:01,options,Sell-to-close deep ITM calls or hold?,I own LUNR $5 21 Mar 2025 call,"[[{'label': 'Neutral', 'score': 0.9673531651496887}]]",[0]
2024-09-19 21:03:20,options,3 Months Ago FDX Was First Earning's Play,I don't know why thought earni,"[[{'label': 'Neutral', 'score': 0.9673531651496887}]]",[0]
2024-09-19 16:22:24,options,LUNR Long call ,I‚Äôve recently been getting int,"[[{'label': 'Neutral', 'score': 0.9673531651496887}]]",[0]
2024-09-19 15:27:51,options,Difference in SPY 0dte options between IBKR and CS,Sorry guys for the multiple po,"[[{'label': 'Neutral', 'score': 0.9673531651496887}]]",[0]
2024-09-19 20:04:52,options,Anyone use reverse iron condors for an option play?,Curious what you all think abo,"[[{'label': 'Neutral', 'score': 0.9673531651496887}]]",[0]
2024-09-19 21:25:14,options,Shares of beaten down stocks are like OTM call options on company assets,"As the title says, shares of b","[[{'label': 'Neutral', 'score': 0.9673531651496887}]]",[0]
2024-09-19 03:59:48,options,Is selling covered calls on Ford a bad idea?,I want to dip my toes into opt,"[[{'label': 'Neutral', 'score': 0.9673531651496887}]]",[0]
2024-09-19 19:02:28,options,Which choice is best?,Here‚Äôs the situation. In July ,"[[{'label': 'Neutral', 'score': 0.9673531651496887}]]",[0]
2024-09-18 19:28:05,options,Did anyone manage to make $$$ today,Anyone managed to make money t,"[[{'label': 'Positive', 'score': 0.5564186573028564}]]",[1]
2024-09-19 15:45:17,options,SPY deep ITM,My SPY calls for $548 are expi,"[[{'label': 'Neutral', 'score': 0.9673531651496887}]]",[0]
2024-09-20 03:52:45,options,Is LUNR worth a shot?,News today is that LUNR got $5,"[[{'label': 'Neutral', 'score': 0.9673531651496887}]]",[0]
2024-09-19 13:24:20,options,Covered call + Long Call ,https://preview.redd.it/819few,"[[{'label': 'Neutral', 'score': 0.9673531651496887}]]",[0]
2024-09-18 18:16:56,options,SPY 50 bp rate cut,"So, after the cut SPY jumped t","[[{'label': 'Neutral', 'score': 0.9673531651496887}]]",[0]
2024-09-19 18:22:40,options,Deep inside‚Ä¶‚Ä¶the money ,What happens if I sell deeeeee,"[[{'label': 'Neutral', 'score': 0.9673531651496887}]]",[0]
2024-09-19 16:49:21,options,I‚Äôm really good at forecasting Daily bias I come from the world of Futures trading CL1! ,However I want to learn the ba,"[[{'label': 'Neutral', 'score': 0.9673531651496887}]]",[0]
2024-09-19 12:45:09,options,Using AI as a options analyst bot ,"
I‚Äôve been trading for about 6","[[{'label': 'Positive', 'score': 0.9622530937194824}]]",[1]
2024-09-18 01:04:40,options,Selling $5 LUNR put .... it mooned.,I'm selling a $5 put. This was,"[[{'label': 'Neutral', 'score': 0.9673531651496887}]]",[0]
2024-09-18 19:17:35,options,Help with Understanding VIXY,My understanding of VIXY is th,"[[{'label': 'Neutral', 'score': 0.9673531651496887}]]",[0]
2024-09-18 01:51:43,options,Modern Options Trading Books,Hey guys. I‚Äôve been looking th,"[[{'label': 'Neutral', 'score': 0.9673531651496887}]]",[0]
2024-09-19 05:41:35,options,Awake again,This insomnia is kicking my bu,"[[{'label': 'Neutral', 'score': 0.9673531651496887}]]",[0]
